insert into T_USER (ID,USERNAME,CREATED_ON,PASSWORD,APPROVED,ROLE) values ('1','username1','2017-11-09','password1P@45','true','0');
insert into T_USER (ID,USERNAME,CREATED_ON,PASSWORD,APPROVED,ROLE) values ('2','username2','2018-11-09','password2P$56','true','2');
insert into T_USER (ID,USERNAME,CREATED_ON,PASSWORD,APPROVED,ROLE) values ('3','username3','2019-11-09','password3H&345','true','0');
insert into T_USER (ID,USERNAME,CREATED_ON,PASSWORD,APPROVED,ROLE) values ('4','username4','2017-1-09','password1P@45','true','1');
insert into T_USER (ID,USERNAME,CREATED_ON,PASSWORD,APPROVED,ROLE) values ('5','username5','2015-1-09','password1P@45','false','1');
insert into T_USER (ID,USERNAME,CREATED_ON,PASSWORD,APPROVED,ROLE) values ('6','username6','2018-10-09','password2P$56','false','2');
insert into T_USER (ID,USERNAME,CREATED_ON,PASSWORD,APPROVED,ROLE) values ('7','username7','2019-5-09','password3H&345','false','0');
insert into T_USER (ID,USERNAME,CREATED_ON,PASSWORD,APPROVED,ROLE) values ('8','username8','2018-5-09','password3H&345','false','1');
insert into T_USER (ID,USERNAME,CREATED_ON,PASSWORD,APPROVED,ROLE) values ('9','username9','2017-5-09','password3H&345','false','1');

insert into T_PROJECT (ID,PROJECT_NAME,PROJECT_DESCRIPTION,PROJECT_MANAGER_ID) values ('PJ101','Project 1','Project Description 1','3');
insert into T_PROJECT (ID,PROJECT_NAME,PROJECT_DESCRIPTION,PROJECT_MANAGER_ID) values ('PJ102','Project 2','Project Description 2','4');
insert into T_PROJECT (ID,PROJECT_NAME,PROJECT_DESCRIPTION,PROJECT_MANAGER_ID) values ('PJ103','Project 3','Project Description 3','8');
insert into T_PROJECT (ID,PROJECT_NAME,PROJECT_DESCRIPTION,PROJECT_MANAGER_ID) values ('PJ104','Project 4','Project Description 4','9');

insert into T_TICKET (TITLE,DESCRIPTION,SEVERITY,STATUS,ASSIGNED_USER_ID,CREATED_USER_ID,PROJECT_ID) values ('ticket 1','description 1','0','0','2','3','PJ101');
insert into T_TICKET (TITLE,DESCRIPTION,SEVERITY,STATUS,ASSIGNED_USER_ID,CREATED_USER_ID,PROJECT_ID) values ('ticket 2','description 2','0','0','2','3','PJ101');
insert into T_TICKET (TITLE,DESCRIPTION,SEVERITY,STATUS,ASSIGNED_USER_ID,CREATED_USER_ID,PROJECT_ID) values ('ticket 3','description 3','0','0','3','2','PJ102');
insert into T_TICKET (TITLE,DESCRIPTION,SEVERITY,STATUS,ASSIGNED_USER_ID,CREATED_USER_ID,PROJECT_ID) values ('ticket 4','description 4','0','0','2','3','PJ101');
insert into T_TICKET (TITLE,DESCRIPTION,SEVERITY,STATUS,ASSIGNED_USER_ID,CREATED_USER_ID,PROJECT_ID) values ('ticket 5','description 5','0','0','2','3','PJ103');
insert into T_TICKET (TITLE,DESCRIPTION,SEVERITY,STATUS,ASSIGNED_USER_ID,CREATED_USER_ID,PROJECT_ID) values ('ticket 6','description 6','0','0','3','2','PJ104');
insert into T_TICKET (TITLE,DESCRIPTION,SEVERITY,STATUS,ASSIGNED_USER_ID,CREATED_USER_ID,PROJECT_ID) values ('ticket 7','description 7','0','0','3','2','PJ102');
insert into T_TICKET (TITLE,DESCRIPTION,SEVERITY,STATUS,ASSIGNED_USER_ID,CREATED_USER_ID,PROJECT_ID) values ('ticket 8','description 8','0','0','3','2','PJ102');
insert into T_TICKET (TITLE,DESCRIPTION,SEVERITY,STATUS,ASSIGNED_USER_ID,CREATED_USER_ID,PROJECT_ID) values ('ticket 9','description 9','0','0','4','2','PJ104');
insert into T_TICKET (TITLE,DESCRIPTION,SEVERITY,STATUS,ASSIGNED_USER_ID,CREATED_USER_ID,PROJECT_ID) values ('ticket 10','description 10','0','0','4','2','PJ102');
insert into T_TICKET (TITLE,DESCRIPTION,SEVERITY,STATUS,ASSIGNED_USER_ID,CREATED_USER_ID,PROJECT_ID) values ('ticket 11','description 11','0','0','4','2','PJ103');
insert into T_TICKET (TITLE,DESCRIPTION,SEVERITY,STATUS,ASSIGNED_USER_ID,CREATED_USER_ID,PROJECT_ID) values ('ticket 12','description 12','0','0','2','4','PJ104');
insert into T_TICKET (TITLE,DESCRIPTION,SEVERITY,STATUS,ASSIGNED_USER_ID,CREATED_USER_ID,PROJECT_ID) values ('ticket 13','description 13','0','0','2','4','PJ102');
insert into T_TICKET (TITLE,DESCRIPTION,SEVERITY,STATUS,ASSIGNED_USER_ID,CREATED_USER_ID,PROJECT_ID) values ('ticket 14','description 14','0','0','2','4','PJ103');

INSERT INTO T_PROJECT_CONTRIBUTORS (PROJECT_ID,CONTRIBUTORS_ID) VALUES ('PJ101','1');
INSERT INTO T_PROJECT_CONTRIBUTORS (PROJECT_ID,CONTRIBUTORS_ID) VALUES ('PJ101','2');
INSERT INTO T_PROJECT_CONTRIBUTORS (PROJECT_ID,CONTRIBUTORS_ID) VALUES ('PJ101','3');
INSERT INTO T_PROJECT_CONTRIBUTORS (PROJECT_ID,CONTRIBUTORS_ID) VALUES ('PJ102','4');
INSERT INTO T_PROJECT_CONTRIBUTORS (PROJECT_ID,CONTRIBUTORS_ID) VALUES ('PJ102','5');
INSERT INTO T_PROJECT_CONTRIBUTORS (PROJECT_ID,CONTRIBUTORS_ID) VALUES ('PJ102','6');
INSERT INTO T_PROJECT_CONTRIBUTORS (PROJECT_ID,CONTRIBUTORS_ID) VALUES ('PJ102','7');